date,total_runtime,total_urls,new_urls,updated_urls,removed_urls,errors
2025-03-29,12,0,0,0,0,0
2025-03-30,11,0,0,0,0,0
2025-03-30,10,0,0,0,0,0
2025-03-30,13,0,0,0,0,0
2025-03-31,6,0,0,0,0,0
2025-04-03,128.93842911720276,1023,0,0,1,0
2025-04-03,142.3089370727539,1023,1,5,2,0
2025-04-04,107.71809315681458,1023,0,0,2,0
2025-04-05,125.95496678352356,1022,0,1,3,0
2025-04-06,103.54985356330872,1022,0,0,3,0
2025-04-07,178.63687992095947,1021,0,0,4,0
2025-04-08,106.67134165763855,1022,1,2,4,0
2025-04-09,128.40578174591064,1022,1,6,5,0
2025-04-10,178.5214819908142,1022,0,4,5,0
2025-04-11,102.37171387672424,1023,1,4,5,0
2025-04-12,175.56115794181824,1022,0,2,6,0
2025-04-13,126.4390389919281,1021,0,0,7,0
2025-04-14,175.75580048561096,1021,0,2,7,0
2025-04-15,110.61425423622131,1021,0,6,7,0
2025-04-16,102.76236081123352,1021,1,5,8,0
2025-04-17,127.24444723129272,1021,0,2,8,0
2025-04-18,123.96201181411743,1022,3,1,10,0
2025-04-19,106.8804771900177,1022,0,0,10,0
2025-04-20,116.87631297111511,1022,0,1,10,0
2025-04-21,134.04531979560852,1022,0,0,10,0
2025-04-22,164.62512946128845,1022,0,0,10,0
2025-04-23,123.32601833343506,1022,0,2,10,0
2025-04-24,181.68931937217712,1022,0,3,10,0
2025-04-25,177.18286514282227,1022,0,2,10,0
2025-04-26,113.72863245010376,1021,0,1,11,0
2025-04-27,114.46996474266052,1021,0,0,11,0
2025-04-28,180.49373984336853,1020,0,0,12,0
2025-04-29,158.63950324058533,1020,0,4,12,0
2025-04-30,104.2880744934082,1020,0,5,12,0
2025-05-01,178.40583872795105,1019,0,4,13,0
2025-05-02,129.0917010307312,1019,0,0,13,0
2025-05-03,123.50802326202393,1019,0,0,13,0
2025-05-04,189.0853786468506,1019,0,1,13,0
2025-05-05,109.11421418190002,1019,0,0,13,0
2025-05-06,109.22425103187561,1019,0,6,13,0
2025-05-07,105.66294527053833,1019,0,1,13,0
2025-05-08,142.31106877326965,1019,0,0,13,0
2025-05-09,140.33063769340515,1019,0,0,13,0
2025-05-10,139.003258228302,1019,0,2,13,0
2025-05-11,102.81538414955139,1019,0,0,13,0
2025-05-12,142.54170632362366,1019,0,0,13,0
2025-05-13,139.59945225715637,1019,0,3,13,0
2025-05-14,105.99900317192078,1020,1,4,13,0
2025-05-15,181.9750907421112,1019,0,5,14,0
2025-05-16,129.93644618988037,1019,0,3,14,0
2025-05-17,160.43425703048706,1019,0,0,14,0
2025-05-18,108.97662830352783,1019,0,0,14,0
2025-05-19,134.0674695968628,1019,0,1,14,0
2025-05-20,175.61685419082642,1019,0,2,14,0
2025-05-21,120.98860216140747,1019,0,1,14,0
2025-05-22,125.31444787979126,1019,0,6,14,0
2025-05-23,108.4170503616333,1020,1,6,14,0
2025-05-24,109.4830551147461,1020,0,3,14,0
2025-05-25,187.07156205177307,1020,0,0,14,0
2025-05-26,110.8780128955841,1020,0,0,14,0
2025-05-27,115.59346008300781,1021,1,6,14,0
2025-05-28,127.15389347076416,1018,1,3,18,0
2025-05-29,136.38228607177734,1018,0,4,18,0
2025-05-30,106.09368443489075,1018,0,0,18,0
2025-05-31,122.21649718284607,1018,0,2,18,0
2025-06-01,176.81240272521973,1018,0,0,18,0
2025-06-02,126.97404742240906,1018,0,0,18,0
2025-06-03,124.2150502204895,1018,0,1,18,0
2025-06-04,166.692724943161,1018,0,0,18,0
2025-06-05,101.34909152984619,1018,0,4,18,0
2025-06-06,177.2503833770752,1018,0,4,18,0
2025-06-07,180.55048656463623,1019,1,1,18,0
2025-06-08,159.96190428733826,1018,0,0,19,0
2025-06-09,105.0662202835083,1018,0,0,19,0
2025-06-10,161.94114804267883,1017,0,0,20,0
2025-06-11,237.18829870224,1019,1,6,19,0
2025-06-12,36.94647264480591,0,0,0,0,1
2025-06-13,274.09050703048706,1021,2,2,19,0
2025-06-14,184.6710193157196,1021,0,1,19,0
2025-06-15,36.723474979400635,1022,0,1,0
2025-06-15,36.723474979400635,1022,0,1,0
2025-06-15,36.723474979400635,1022,0,1,0
2025-06-15,36.723474979400635,1022,0,1,0
2025-06-15,36.723474979400635,1022,0,1,0
2025-06-15,36.723474979400635,1022,0,1,0
2025-06-16,36.723474979400635,1022,0,1,0
2025-06-17,36.723474979400635,1022,0,1,0
2025-06-18,36.723474979400635,1022,0,1,0
2025-06-19,36.723474979400635,1022,0,1,0
2025-06-20,36.723474979400635,1022,0,1,0
2025-06-21,36.723474979400635,1022,0,1,0
2025-06-22,36.723474979400635,1022,0,1,0
